2013.5.28,,13040,PerfecTray (former Platform tray) - in bag,50000,50000,0,__,,,49112,,,,,,,,33460,send before 2013.11.,15652,2013.11.05: shipped to usa by container,,,,,,,,,,,,,,,,
2013.10.16,,13010,Thermoforming Tray - sealed in bag,100000,100000,0,__,,,100000,,,,,,,,5600,2013.10.29 :TO USA,10400,2013.10.29 :TO UK,36640,2013.11.05: shipped to usa by container,2640,2013.11.21: shipped to usa,44720,2013.12.12: shipped to usa by container,,,,,,,,,,
Before 2014,,6165,PVC Ziplock Pouch (Standard)- 220 x 113 x 30mm,,,0,,,,0,,,,,,,,,,,,,,,,,,,,,,,,,,,
Before 2014,,6160,"PVC Bag with Zipper, (Non-standard) - 230x123x30mm",600,600,0,,,,600,,,,,,,,600,2014.5.08: SHIP TO USA 4205,,,,,,,,,,41955,,,,,,,,
Before 2014,,12140,BW Case,25,25,0,,,,25,,,,,,,,25,2014.3.12: SHIPPED TO USA BY AIR WITH LAMPS,,,,,,,,,,,,,,,,,,
Before 2014,,12300,Generic Case,12,12,0,,,,12,,,,,,,,12,2014.4.18: ship to USA with lamp 4197,,,,,,,,,,,,,,,,,,
Before 2014,,5010,"2 mL - Activator spray bottle, Sapient ",4000,4000,0,,,,4000,,,,,,,,4000,2014.3.12: SHIPPED TO USA BY AIR,,,,,,,,,,,,,,,,,,
Before 2014,,1260,GlamWhite Elite - purple cases,900,900,0,,,,900,,,,,,,,900,2014.3.25: ship to rotterdam by LCL 4185,,,,,,,,,,,,,,,,,,
Before 2014,,1210,Bianco Professional case,115,115,115,,,,0,,,,,,,,,,,,,,,,,,,,,,,,,,,
Before 2014,,7030,Cheek Retractor Large Clear,1800,1800,0,,,,1800,,,,,,,,1800,2014.3.25: ship to rotterdam by LCL 4185,,,,,,,,,,,,,,,,,,
Before 2014,,7010,Cheek Retractor Blue,520,520,0,,,,520,,,,,,,,520,2014.7.22: ship to USA by container 4224,,,,,,,,,,,,,,,,,,
Before 2014,,7020,Cheek Retractor Purple,900,900,900,,,,0,,,,,,,,,,,,,,,,,,,,,,,,,,,
Before 2014,,12510,Blue Sponge - Blue oral swab,6900,6900,0,,,,6900,,,,,,,,1000,2014.3.4: to spain by express 4180,5900,2014.3.25: ship to rotterdam by LCL 4185,,,,,,,,,,,,,,,,
Before 2014,LOLI,12585,Safety seal (3cm) with hologram,50000,50000,50000,,,,0,,,,,,,,,,,,,,,,,,,,,,,,,,,
Before 2014,LOLI,12586,Label: Cliona Permanent Make up Colors,4000,4000,4000,,,,0,,,,,,,,,,,,,,,,,,,,,,,,,,,
Before 2014,,17030,"Syringe 3mL, not lined ",10000,10000,0,,,,10000,,,,,,,,10000,2014.5.12_ ship to USA by container 4207,,,,,,,,,,,,,,,,,,
Before 2014,,17060,"Syringe 5mL, not lined",400,400,400,,,,0,,,,,,,,,,,,,,,,,,,,,,,,,,,
Before 2014,,1475,Box: The Smile Pro Kit 0% Peroxide,1000,1000,1000,___,,,0,,,,,,,,,,,,,,,,,,,,,,,,,,,
Before 2014,,6075,Box: CW Fusion - The Smile,1000,1000,1000,___,,,0,,,,,,,,,,,,,,,,,,,,,,,,,,,
Before 2014,,6210,Pen Box - White Spa Dental,370,370,370,___,,,0,,,,,,,,,,,,,,,,,,,,,,,,,,,
Before 2014,,1690,Sapient White-FX 16% HP 5 pack - box,1820,1820,0,___,,,0,,,,,,,,,,,,,,,,,,,,,,,,,,,
Before 2014,,1670,Sapient White-FX 38% Pro Kit - box,7910,7910,0,___,,,0,,,,,,,,,,,,,,,,,,,,,,,,,,,
Before 2014,,1610,Sapient White-FX Single 16% - boxes ,1230,1230,0,___,,,0,,,,,,,,,,,,,,,,,,,,,,,,,,,
2013.6.29,,18040,Professional Teeth Shade Guide,300,300,0,JOJO,,,300,,,,,,,,100,to spain,40,to spain,30,to usa,50,2013.11.29: SHIPPED TO SPAIN,30,2013.12.11: shipped to USA,50,2012.12.12: shipped to USA by container,,,,,,,,
2013.6.29,,12080,"Futura 2400 - BW, White",125,125,-2,JOJO,,,127,,,,,,,,20,to usa,30,spain,15,to usa,22,to usa,40,2013.11.05: shipped to usa by container with aluminum case,,,,,,,,,,
2013.6.29,,12090,White Lamp - Generic,50,50,-37,JOJO,,,87,,,,,,,,5,to usa,7,to usa,75,2013.11.05: shipped to usa by container 20pcs of them are with aluminum case,,,,,,,,,,,,,,
2013.6.29,,12070,Silver Lamp - Generic,41,41,0,JOJO,,,41,,,,,,,,41,2013.11.05: SHIPPED TO USA BY CONTAINER,,,,,,,,,,,,,,,,,,
2013.8.8,,12030,Planet Beach Lamp,5,5,0,JOJO,,,5,,,,,,,,5,2013.11.05: SHIPPED TO USA BY CONTAINER,,,,,,,,,,,,,,,,,,
2013.9.18,loli,12095,Topaz 3000 Lamp,15,15,0,JOJO,,,15,,,,,,,,15,2013.12.09: shipped to finland,,,,,,,,,,,,,,,,,,
2013.10.8,,12050,RFID White Lamp - BW,20,20,0,JOJO,,,20,,,,,,,,2,2013.10.29: TO MALYASIA (BW),3,2013.10.29:TO USA(BW),15,"2013.11.05: SHIPPED TO USA BY CONTAINER 10PCS/BW, 5PCS/GENERIC",,,,,,,,,,,,,,
2013.10.8,,12055,RFID White Lamp - Generic,,,0,,,,,,,,,,,,,,,,,,,,,,,,,,,,,,,
2013.10.12,,1395,"Headset, Forever White",3500,3500,0,JOJO,"27,Nov",A,3400,,,,,,,,3400,"2014.1.23 sent 3,400pc to US by container",,,,,,,,,,,,,,,,,,
2013.7.03,,17090,"Syringe 10mL, Pad Printed - 36% CP",100000,100000,0,L,,,100000,,,,,,,,4800,to usa:(line only),4800,to usa (logo and line),76800,"2013.11.05: shipped to usa by container 48000pcs with logo, 28800 with line only",13600,2013.11.14: SHIPPED TO USA BY AIR 8000PCS WITH LOGO AND LINE. 5600PCS WITH LINE ONLY.,,,,,,,,,,,,
2013.7.23,,3040,Facial Bed White ,50,50,0,Sunny,,,50,,,,,,,,50,2013.11.05: shipped to usa by container,,,,,,,,,,,,,,,,,,
2013.7.23,,3010,Facial Bed Black ,,,0,,,,,,,,,,,,,,,,,,,,,,,,,,,,,,,
2013.10.16,,7504,Label Matisse Serial Number ,,,0,,,,,,,,,,,,,,,,,,,,,,,,,,,,,,,
2013.9.11,,1777,Take Home Premium (no liner) bag,60000,60000,0,Mr.Xia,,,60000,,,,,,,,5040,to usa,15120,to usa,39840,2013.11.05: shipped to usa by container,,,,,,,,,,,,,,
2013.10.9,,1778,Take Home Premium Yellow Bag (California),5000,5000,0,Mr.Xia,"31,Oct",,5018,,,,,,,,5018,2013.11.05: shipped to USA by container,,,,,,,,,,,,,,,,,,
2013.10.16,,1777,Take Home Premium (no liner) bag,50000,50000,0,Mr.Xia,"30,Nov",A,50000,,,,,,,,4320,2013.11.21: shipped to usa,45680,2013.12.12: shipped to usa by container,,,,,,,,,,,,,,,,
2013.9.13,,12570,White Mini LED Light (CE and WEEE mark),60000,60000,0,JACKY,,A,60000,,,,,,,,10000,to usa,8000,2013.10.29 to usa,32000,2013.11.05: shipped to usa by container,3500,2013.11.21: shipped to usa,6500,2013.12.12: shipped to usa by container,,,,,,,,,,
2013.9.18,,4040,Pro Kit Blister Tray,10000,10000,0,__,"31,Oct",A,10000,,,,,,,,1000,2013.11.21: shipped to usa,9000,2013.12.12: shipped to usa by container,,,,,,,,,,,,,,,,
2013.10.9,,1779,Plastic Box - for Premium Kit (California),5000,5000,0,__,"3,Nov",,5160,,,,,,,,5160,2013.11.05: shipped to usa by container,,,,,,,,,,,,,,,,,,
2013.10.14,,1782,Plastic Box - for Premium Kit Sodium Perborate (Sara),1000,1000,0,__,"3,Nov",A,1000,,,,,,,,400,2013.11.05: SHIPPED TO SPAIN,200,send to Spain,400,2014.3.22: ship to spain 4184,,,,,,,,,,,,,,
2013.10.8,,7503,Matisse Footswitch Pedal (silver plug),100,100,0,Mei Ci,"4,Nov",A,100,,,,,,,,20,2013.11.28: send to JOJO for matisse machine,60,2013.12.12: shipped to usa by container,20,send to Alain's factory,,,,,,,,,,,,,,
2013.10.9,,16868,White Retainer Case (California),5000,5000,0,L,"31,Oct",,5000,,,,,,,,5000,2013.11.05: shipped to usa by container,,,,,,,,,,,,,,,,,,
2013.10.23,,7030,Cheek Retractor Large Clear,15000,15000,0,L,"4,Nov",,15000,,,,,,,,15000,"2013.11.05: shipped 15,000pcs to USA by container",,,,,,,,,,,,,,,,,,
2013.10.16,,16060,"Retainer Case - white, standard ",20000,20000,0,L,"8,Nov",A,20000,,,,,,,,8000,2013.11.14: shipped to USA by air,12000,2013.12.12: shipped to usa by container,,,,,,,,,,,,,,,,
2013.6.15,,16060,"Retainer Case - white, standard ",50000,50000,0,L,,,50000,,,,,,,,38000,,12000,2013.11.05: shipped to usa by container,,,,,,,,,,,,,,,,
2013.9.22,,19070,"Syringe caps, Clear",200000,200000,0,L,,A,200000,,,,,,,,40000,2013.10.11:shipped to USA,80000,2013.11.07: shipped to USA,80000,2013.12.11: shipped to usa,,,,,,,,,,,,,,
2013.10.22,,810,Silicone Seals,32000,32000,0,GLD,"1,Nov",,32000,,,,,,,,32000,2013.10.29: shipped to USA,,,,,,,,,,,,,,,,,,
2013.10.30,,7505,Matisse Machine,20,20,0,JOJO,"25,Dec",A,20,,,,,,,,20,shipped to UK on 2014.1.25,,,,,,,,,,,,,,,,,,
2013.11.01,,1010,Advanced BW 16% - box US & Canada ,2000,2000,0,___,"23,Nov",A,1600,,,,,,,,1600,2013.12.12: shipped to usa by container,,,,,,,,,,,,,,,,,,
2013.11.01,,1560,Pro Kit Box - BW,5000,5000,0,___,"23,Nov",A,5000,,,,,,,,5000,2013.12.04: SHIPPED TO USA,,,,,,,,,,,,,,,,,,
2013.11.01,,1510,"Pre-Loaded BW - box, Canada & US",5000,5000,0,___,"23,Nov",A,5000,,,,,,,,5000,2013.12.04: SHIPPED TO USA,,,,,,,,,,,,,,,,,,
2013.11.01,,1480,Planet Beach Pre-Loaded Tray - boxes ,2000,2000,0,___,"23,Nov",A,2000,,,,,,,,2000,2013.12.04: SHIPPED TO USA,,,,,,,,,,,,,,,,,,
2013.11.01,,6070,Box: DW EU Fusion - Percarbonate,10000,10000,0,___,"23,Nov",A,10100,,,,,,,,1550,2013.11.29: SHIPPED TO SPAIN,1550,2013.12.12: shipped to usa by container,3100,ship to UK on Jan.13th,3900,2014.1.23 shipped 3900pc to USA by container,,,,,,,,,,,,
2013.11.01,,6030,Box: CW EU Fusion - Percarbonate,10000,10000,0,___,"23,Nov",A,10100,,,,,,,,1500,Administrator:2013.11.29:SHIPPED TO SPAIN,1500,2013.12.12: shipped to usa by container,3000,ship to UK on Jan.13th,4100,"2014.1.23 shipped 4,100 pc to USA by container",,,,,,,,,,,,
2013.11.04,,11300,Label: CW EU Fusion - Percarbonate,11000,11000,0,__,"14,Nov",A,11000,,,,,,,,2000,2013.11.29: SHIPPED TO SPAIN,2000,sent to US by express on Dec.28th,4000,ship to UK on Jan.13th,3000,put in US container,,,,,,,,,,,,
2013.11.04,,11310,Label: DW EU Fusion - Percarbonate,11000,11000,0,__,"14,Nov",A,11000,,,,,,,,2000,2013.11.29: SHIPPED TO SPAIN,2000,sent to US by express on Dec.28th,4000,ship to UK on Jan.13th,3000,put in US container,,,,,,,,,,,,
2013.11.04,,11130,Label: DW US Fusion - Hydrogen Peroxide,5000,5000,0,__,"14,Nov",A,5000,,,,,,,,5000,2013.11.14: SHIPPED TO USA BY AIR,,,,,,,,,,,,,,,,,,
2013.11.04,,11285,Label 2mL 25% Hydrogen Peroxide - blue,5000,5000,0,__,"14,Nov",A,5000,,,,,,,,5000,2013.11.14: SHIPPED TO USA BY AIR,,,,,,,,,,,,,,,,,,
2013.11.07,,12090,White Lamp - Generic,6,6,0,JOJO,"10,Nov",,6,,,,,,,,6,2013.11.14: shipped to USA by air,,,,,,,,,,,,,,,,,,
2013.11.07,,12300,Generic Case,,,0,,,,,,,,,,,,,,,,,,,,,,,,,,,,,,,
2013.11.09,,1777,Take Home Premium (no liner) bag,1600,1600,0,Mr.Xia,"5,Dec",A,1600,,,,,,,,1600,2013.12.12: shipped to usa by container,,,,,,,,,,,,,,,,,,
2013.11.09,,13010,Thermoforming Tray - sealed in bag,19075,19075,0,__,"10,Dec",A,19075,,,,,,,,19075,2013.12.12: shipped to usa by container,,,,,,,,,,,,,,,,,,
2013.11.09,,12570,White Mini LED Light (CE and WEEE mark),60000,60000,0,JACKY,"10,Dec",A,60000,"5,Dec handover 40,000pcs, 10,Dec handover another 20,000pcs.",,,,,,,50000,2013.12.12: shipped to usa by container,10000,"2014.1.23 sent 10,000pc to US by container",,,,,,,,,,,,,,,,
2013.11.09,,1790,Take Home Kit - generic instructions,80000,80000,0,L,"23,Nov",A,80000,,,,,,,,64000,2013.12.12: shipped to usa by container,16000,2014.5.12_ ship to USA by container 4207,,,,,,,,,,,,,,,,
2013.11.09,,16060,"Retainer Case - white, standard ",30000,30000,0,L,"5,Dec",A,30000,,,,,,,,20000,2013.12.12: shipped to usa by container,10000,"2014.1.23 sent 10,000pc to US by container",,,,,,,,,,,,,,,,
2013.11.13,,16065,Blister Retainer Case,27702,27702,0,Mr.Ou,?,A,27602,"10,Dec 30,000pcs, another 20,000pcs should be at the end of Dec",,,,,,,4950,2013.12.11: shipped to usa by express,14452,2013.12.12: shipped to usa by container,5400,,2800,"2014.1.21 sent 2,800pc to Rotterdam by LCL",,,,,,,,,,,,
2013.11.25,,6120,Forever White Pen Box - NEW,5000,5000,0,L,,A,5000,,,,,,,,5000,"shipped US by express on 28th,Dec.2013",,,,,,,,,,,,,,,,,,
2013.11.27,,11275,"Label 10mL Whitening Gel, EU compliant - silver",40000,40000,0,__,,A,40000,,,,,,,,40000,2013.12.11: shipped to usa,,,,,,,,,,,,,,,,,,
2013.12.12,,6185,Pen Box - EU ,10000,10000,0,L,"22,Dec",A,10000,,,,,,,,3850,"ship 3,900pc to Spain Dec.23th",6150,"2014.1.21 shipped 6,150pc to Rotterdam by LCL",,,,,,,,,,,,,,,,
2013.12.23,,17090,"Syringe 10mL, Pad Printed - 36% CP",100000,100000,0,__,15.Jan,,100000,,,,,,,,100000,2014.1.23 sent to US by container,,,,,,,,,,,,,,,,,,
2013.12.23,,17070,"Syringe 10mL, Lined",100000,100000,0,__,15.Jan,,100000,,,,,,,,74400,2014.1.23 sent to US by container,25600,2014.5.12_ ship to USA by container 4207,,,,,,,,,,,,,,,,
2013.12.23,,17080,"Syringe 10mL, not lined",100000,100000,0,__,10.Jan,,100000,,,,,,,,100000,2014.1.23 sent to US by container,,,,,,,,,,,,,,,,,,
2013.12.23,,17040,"Syringe 3mL, Lined",150000,150000,0,__,10.Jan,,150000,,,,,,,,150000,2014.1.23 sent to US by container,,,,,,,,,,,,,,,,,,
2013.12.23,,17030,"Syringe 3mL, not lined ",50000,50000,0,__,10.Jan,,50000,,,,,,,,50000,2014.1.23 sent to US by container,,,,,,,,,,,,,,,,,,
2013.12.23,,19070,"Syringe caps, Clear",300000,300000,0,Mr.Wu,4.Jan,,300000,,,,,,,,75000,,225000,"2014.1.23 sent 225,000 pc to US by container",,,,,,,,,,,,,,,,
2013.12.28,,16060,"Retainer Case - white, standard ",43000,43000,0,Ou,20.Jan,,43000,,,,,,,,3000,"2014.1.21 sent 3,000pc to Rotterdam by LCL",40000,"2014.1.23 sent 40,000pc to US by container",,,,,,,,,,,,,,,,
2013.12.28,,12570,White Mini LED Light (CE and WEEE mark),43000,43000,0,_,20.Jan.,,43000,,,,,,,,3000,,40000,"2014.1.23 sent 40,000pc to US by container",,,,,,,,,,,,,,,,
2013.12.28,,13010,Thermoforming Tray - sealed in bag,59000,59000,-180,__,20.Jan.,,59180,,,,,,,,3520,ship 4 cartons x880pc to UK,9680,Ship to Rotterdam by LCL shipment,45980,"2014.1.23 sent 45,980pc to US by container",,,,,,,,,,,,,,
2013.12.28,,13040,PerfecTray (former Platform tray) - in bag,39088,39088,0,__,11.Jan.,,39088,,,,,,,,9520,"shipped 17cartonx560pc=9,520pc to Holland by LCL",29568,2014.1.23 sent 29568pc to US by container,,,,,,,,,,,,,,,,
2013.12.28,,1777,Take Home Premium (no liner) bag,25000,25000,0,_,20.Jan.,,25000,,,,,,,,25000,,,,,,,,,,,,,,,,,,,
2013.12.28,,1760,Take Home BW - bag,3600,3600,-60,_,20.Jan.,,3660,,,,,,,,600,2014.1.21 sent 600pc to Rotterdam by LCL,3060,2014.1.23 sent 3060pc to US by container,,,,,,,,,,,,,,,,
2013.12.28,,1210,Bianco Professional case,1500,1500,0,_,"22,Jan.",,1500,,,,,,,,1500,,,,,,,,,,,,,,,,,,,
2013.12.28,,15010,"Pen Clear 1.2mL, Tan White",3000,3000,0,__,23.Feb,,3000,,,,,,,,3000,,,,,,,,,,,,,,,,,,,
2013.12.28,,15030,"Pen Clear 2mL, BW blue logo",30000,30000,0,__,23.Feb,,30000,,,,,,,,4000,2014.1.23 sent to US by expreds,26000,2014.1.23 sent to US by container,,,,,,,,,,,,,,,,
2013.12.28,,15040,"Pen Clear 2mL, Generic",20000,20000,0,__,23.Feb,,20000,,,,,,,,4000,2014.1.23 sent to US by expreds,16000,2014.1.23 sent to US by container,,,,,,,,,,,,,,,,
2013.12.28,,15050,"Pen Satin 2mL, Forever White, white logo",15000,15000,0,__,23.Feb,,15000,,,,,,,,4000,2014.1.23 sent to US by expreds,11000,2014.1.23 sent to US by container,,,,,,,,,,,,,,,,
2013.12.28,,15080,"Pen Satin 2mL, GlamWhite, purple logo",3000,3000,0,__,23.Feb,,3000,,,,,,,,3000,2014.1.23 sent to US by container,,,,,,,,,,,,,,,,,,
2013.12.28,,9030,Finger Wipe - Multilingual,100000,100000,0,__,23.Feb,,100000,,,,,,,,30000,,70000,2014.1.23 sent to US by container,,,,,,,,,,,,,,,,
2014.1.8,,1010,Advanced BW 16% - box US & Canada ,20000,20000,0,___,22.Jan.,,20000,,,,,,,,20000,2014.1.23 sent to US by container,,,,,,,,,,,,,,,,,,
2014.1.8,,1020,Advanced Generic 16% - box,5000,5000,0,___,"22,Jan.",,5000,,,,,,,,5000,2014.1.23 sent to US by container,,,,,,,,,,,,,,,,,,
2014.1.8,LOLI,6210,Pen Box - White Spa Dental,3000,Cancelled,#VALUE!,___,"15,Feb.",Cancel,0,,,,,,,,,,,,,,,,,,,,,,,,,,,
2014.1.8,,6065,Box: DW Fusion - Canada Hydrogen Peroxide,2000,2000,0,___,"22,Jan.",,2000,,,,,,,,100,give to Luis bring to USA on Jan.23th,1900,"2014.1.23 sent 1,900pc to US by container",,,,,,,,,,,,,,,,
2014.1.8,,11313,Label: DW Fusion - Canada Hydrogen Peroxide,2000,2000,0,__,22.Jan.,,2000,,,,,,,,100,give to Luis bring to USA on Jan.23th,1900,"2014.1.23 sent 1 ,900pc to US by container",,,,,,,,,,,,,,,,
2014.1.14,,11250,"Label 10mL Whitening Gel, non-peroxide - gold",20000,20000,0,__,21.Jan.,,20000,,,,,,,,20000,2014.1.23 sent to US office,,,,,,,,,,,,,,,,,,
2014.1.14,,11260,"Label 5mL Whitening Gel, EU compliant - silver",25000,25000,0,__,21.Jan.,,25000,,,,,,,,25000,2014.1.23 sent to US,,,,,,,,,,,,,,,,,,
2014.1.14,,11275,"Label 10mL Whitening Gel, EU compliant - silver",20000,20000,0,__,10.Feb,,20000,,,,,,,,20000,2014.1.23 sent to US,,,,,,,,,,,,,,,,,,
2014.1.14,,11010,Label 2mL Bianco 6% Touch-Up,2500,2500,0,__,10.Feb,,2500,,,,,,,,2500,2014.1.23 sent to US,,,,,,,,,,,,,,,,,,
2014.1.16,,1130,Beverly Hills Pen Box ,1500,1500,0,___,18.Jan.,,1500,,,,,,,,300,give 300pc to Luis bring to USA,1200,"2014.1.23 sent 1,200pc to US by container",,,,,,,,,,,,,,,,
2014.1.17,,845,Angle Grinder,1,1,0,___,18.Jan.,,1,,,,,,,,1,2014.1.18 gave to Luis,,,,,,,,,,,,,,,,,,
2014.1.22,,840,Trade show Banners,1,1,0,Shine Wong,23.Feb,,1,,,,,,,,1,gave Luis,,,,,,,,,,,,,,,,,,
2014.2.11,,12580,Safety seals,200000,200000,0,__,18.Feb.,A,200000,,,,,,,,50000,"2014.3.13: Luis carried 5,000pcs",150000,2014.3.28: SHIPP TO USA 4189-2,,,,,,,,,,,,,,,,
2014.2.11,,6165,PVC Ziplock Pouch (Standard)- 220 x 113 x 30mm,10000,10000,0,___,30.Feb.,A,10000,,,,,,,,10000,2014.3.25: ship to rotterdam by LCL 4185,,,,,,,,,,,,,,,,,,
2014.2.12,,1540,Pre-Loaded tray pouch / foil pouch (blue - new),50000,50000,0,____,"22,Mar","24,Mar",50000,,,,,,,,18000,2014.4.28: ship to USA by air 4202,32000,2014.5.12_ ship to USA by container 4207,,,,,,,,,,,,,,0,18000,30
,,1785,Take Home Kit - WSC instructions,30000,30000,0,___,"20,Feb",A,30000,,,,,,,,30000,2014.3.28: SHIPP TO USA 4189-2,,,,,,,,,,,,,,,46x31.5x22.5,0,7500,27
2014.2.14,Loli,1781,"Plastic Box - for Premium Kit, Sodium percarbonate",2000,2000,0,__,"22,Feb",A,2000,,,,,,,,1000,2014.3.22: ship to spain 4184,1000,2014.4.23: ship to rotterdam by container 4201,,,,,,,,,,,,,,,,
2014.2.14,Loli,1205,Beverly Hills Finger Teeth Wipe,1500,1500,0,___,"20,Feb",A,1500,,,,,,,,200,ship to Moscow,1300,2014.4.23: ship to rotterdam by container 4201,,,,,,,,,,,,,,,,
2014.2.14,Luis,12080,"Futura 2400 - BW, White",170,164,0,JOJO,?,P,164,,,,,,,,50,2014.3.12: SHIPPED TO USA BY AIR,40,2014.3.25:ship to rotterdam by LCL 4185,19,2014.4.1: SHIP TO UK BY AIR 4191,30,2014.4.18 ship to USA 4197,23,2014.4.28: ship to USA by air 4202,2,2014.5.08: SHIP TO USA 4205,,,,,,0,1,7
2014.2.14,Luis,12090,White Lamp - Generic,30,30,0,JOJO,,,30,,,,,,,,13,2014.4.18 ship to USA 4197,17,2014.4.28: ship to USA by air 4202,,,,,,,,,,,,,,0,1,7
2014.2.14,Luis,12025,Dental Lamp - Generic,6,6,6,JOJO,"24,Feb",P,0,,,,,,,,,,,,,,,,,,,,,,,,,0,1,7
,,12010,Futura 2400 Clamp On - BW,3,3,0,JOJO,,,3,,,,,,,,3,2014.3.25: SHIP TO ROTTERDAM BY LCL 4185,,,,,,,,,,,,,,,,0,3,9
,,12055,RFID White Lamp - Generic,1,1,0,JOJO,,,1,,,,,,,,1,2014.3.25: ship to rotterdam by LCL 4185,,,,,,,,,,,,,,,,,,
2014.2.14,Luis,18040,Professional Teeth Shade Guide,100,100,0,JOJO,"14,Feb",A,100,,,,,,,,10,send to Spain,50,2014.3.12: SHIPPED TO USA BY AIR,40,2014.4.18 ship to USA 4197,,,,,,,,,,,,,,
2014.2.22,Luis,6030,Box: CW EU Fusion - Percarbonate,10000,10000,0,___,"8,Mar",A,10000,,,,,,,,6300,2014.3.4 to spain by express 4180,3700,2014.3.22: ship to spain 4184,,,,,,,,,,,,,,,,
2014.2.22,Luis,6070,Box: DW EU Fusion - Percarbonate,5000,5000,0,___,"8,Mar",A,5000,,,,,,,,5000,to spain by express 4180,,,,,,,,,,,,,,,,,,
2014.2.22,Luis/Loli,1060,EU Advanced 6% Kit Box ,2000,2000,550,___,"8,Mar",A,1450,,,,,,,,100,to spain by express 4180,200,2014.3.04;carried by luis,300,2014.3.12: SHIPPED TO USA BY AIR,300,2014.4.23: ship to rotterdam by container 4201,500,2014.4.28: SHIP TO USA 4202,50,2014.7.22: ship to spain by DHL 4222,,,,,,,,
2014.2.22,Luis,1065,TWT - Professional Bleaching Kit 6% - box,2000,2000,0,___,"8,Mar",A,2000,,,,,,,,200,2014.3.04: carried by Luis.,200,2014.4.28: SHIP TO USA 4202,1600,2014.6.13: SHIIP TO USA 4215-1,,,,,,,,,,,,,,
2014.2.22,Loli,6185,Pen Box - EU ,10000,10000,0,___,"8,Mar",A,10000,,,,,,,,10000,2014.4.23: ship to rotterdam by container 4201,,,,,,,,,,,,,,,40X32.5X27.5,0,1800,9
2014.3.5,Luis,5076,50 mL - Blue bottle,50000,50000,0,___,"5,Apr","20,Apr",50000,,,,,,,,10000,2014.4.28: ship to USA by air 4202,40000,2014.5.12_ ship to USA by container 4207,,,,,,,,,,,,,,0,1250,17
,,5065,"50 mL - Foam Spray Bottle, Cap",41000,41000,0,___,"5,Apr","20,Apr",41000,,,,,,,,10000,2014.4.28: ship to USA by air 4202,31000,2014.5.12_ ship to USA by container 4207,,,,,,,,,,,,,,0,500,9
2014.3.14,Luis,7005,Forever White pen box Blue Flag,30000,30000,0,___,"27,Mar","26,Mar",30000,,,,,,,,2100,2014.4.28: SHIP TO USA 4202,27900,2014.5.12_ ship to USA by container 4207,,,,,,,,,,,,,,0,2100,10
2014.3.14,Luis,1402,Forever White headset wrap,2050,2050,0,___,"27,Mar","26,Mar",2050,,,,,,,,2050,2014.5.19: SHIP TO USA 4210-2,,,,,,,,,,,,,,,,,,
2014.3.14,Luis,7000,Forever White pen box Pure Smile,2500,2500,0,___,"27,Mar","26,Mar",2500,,,,,,,,100,2014.4.03: SHIP TO AUSTRALIA 4192,500,2014.4.28: SHIP TO USA 4202,1900,2014.7.26: ship to USA by air 4225,,,,,,,,,,,,,,
2014.3.14,Luis,1066,"EU Compliant, Pure Smile - box",2000,2000,0,___,"27,Mar","26,Mar",2000,,,,,,,,100,2014.4.03: SHIP TO AUSTRALIA 4192,500,2014.4.28: SHIP TO USA 4202,1400,2014.7.26: ship to USA by air 4225,,,,,,,,,,,,,,
,Luis,8001,Cardboard Box (Evoke Mask-Red),200,200,100,___,,"26,Mar",100,,,,,,,,25,2014.3.26: ship to italy 4188,75,2014.4.18 ship to USA 4197,,,,,,,,,,,,,,,,
,Luis,8002,Cardboard Box (Evoke Mask-Blue),200,200,100,___,,"26,Mar",100,,,,,,,,25,2014.3.26: ship to italy 4188,75,2014.4.18 ship to USA 4197,,,,,,,,,,,,,,,,
2014.3.10,Luis,21141,Futura 2400 Lamp Manual - BW,500,500,0,___,"13,Mar",,500,,,,,,,,460,2014.3.18_ Send 460pcs to JOJO's factory,40,2014.3.19: shipped to USA by epxress 4183,,,,,,,,,,,,,,0,1,7
2014.3.25,Luis,1220,Divine White Bags,3000,3000,0,___,,"7,Apr",3000,,,,,,,,1080,2014.4.18 ship to USA 4197,1920,2014.5.12_ ship to USA by container 4207,,,,,,,,,,,,,,0,360,18
2014.3.25,Luis,1770,Take Home Generic- Premium bag,3000,3000,0,___,"31,Mar","7,Apr",3000,,,,,,,,1120,2014.4.1: SHIP TO SPAIN 4190,1880,2014.4.23: ship to UK by air 4200,,,,,,,,,,,,,,0,280,18
2014.3.25,Luis,1775,Take Home Professional bag,1000,1000,0,___,,"7,Apr",1000,,,,,,,,1000,2014.5.12_ ship to USA by container 4207,,,,,,,,,,,,,,,,0,280,18
2014.3.25,Luis,1401,"Headset bag, Forever White",1640,1640,0,___,,"7,Apr",1640,,,,,,,,1640,2014.5.12_ ship to USA by container 4207,,,,,,,,,,,,,,,,,,
2014.3.13,William,11245,Label 1.2mL Remi/Desensitizing - blue,2500,2500,0,__,"30,Mar","29,Mar",2500,,,,,,,,2500,2014.3.28: SHIPP TO USA 4189-2,,,,,,,,,,,,,,,,,,
2014.3.13,William,11180,Label 1.2mL Remi/Desensitizing - purple,2500,2500,0,__,"30,Mar","29,Mar",2500,,,,,,,,2500,2014.3.28: SHIPP TO USA 4189-2,,,,,,,,,,,,,,,,,,
2014.3.13,William,11210,Label 1.2mL Activator label- blue,2500,2500,0,__,"30,Mar","29,Mar",2500,,,,,,,,2500,2014.3.28: SHIPP TO USA 4189-2,,,,,,,,,,,,,,,,,,
2014.3.13,William,11170,Label 1.2mL Activator - purple,2500,2500,0,__,"30,Mar","29,Mar",2500,,,,,,,,2500,2014.3.28: SHIPP TO USA 4189-2,,,,,,,,,,,,,,,,,,
2014.3.13,William,11240,Label 1.2mL Hydrogen Peroxide - blue,2500,2500,0,__,"30,Mar","29,Mar",2500,,,,,,,,2500,2014.3.28: SHIPP TO USA 4189-2,,,,,,,,,,,,,,,,,,
2014.3.13,William,11193,Label 1.2mL Hydrogen Peroxide - purple,2500,2500,0,__,"30,Mar","29,Mar",2500,,,,,,,,2500,2014.3.28: SHIPP TO USA 4189-2,,,,,,,,,,,,,,,,,,
2014.3.13,William,11190,Label 1.2mL Carbamide Peroxide - purple,2500,2500,0,__,"30,Mar","29,Mar",2500,,,,,,,,2500,2014.3.28: SHIPP TO USA 4189-2,,,,,,,,,,,,,,,,,,
2014.3.13,William,11246,Label 3mL Remi & Desensitizing - purple,5000,5000,0,__,"30,Mar","25,Mar",5000,,,,,,,,5000,2014.3.28: SHIPP TO USA 4189-2,,,,,,,,,,,,,,,,,,
2014.3.13,William,11020,Label 3mL Bianco Desensitizing,2500,2500,0,__,"30,Mar","25,Mar",2500,,,,,,,,2500,2014.3.28: SHIPP TO USA 4189-2,,,,,,,,,,,,,,,,,,
2014.3.13,William,11040,Label 5mL Bianco 10% mint,2500,2500,0,__,"30,Mar","25,Mar",2500,,,,,,,,2500,2014.3.28: SHIPP TO USA 4189-2,,,,,,,,,,,,,,,,,,
2014.3.13,William,11070,Label 5mL Bianco 18% mint,2500,2500,0,__,"30,Mar","25,Mar",2500,,,,,,,,2500,2014.3.28: SHIPP TO USA 4189-2,,,,,,,,,,,,,,,,,,
2014.3.13,William,11300,Label: CW EU Fusion - Percarbonate,30000,30000,0,__,"30,Mar","19,Mar",30000,,,,,,,,8000,2014.3.25: shipped to Spain 4186,16000,2014.3.22: ship to Spain 4184,6000,2013.3.28: SHIP TO USA 4189-1,,,,,,,,,,,,,,
2014.3.13,William,11310,Label: DW EU Fusion - Percarbonate,10000,10000,0,__,"30,Mar","25,Mar",10000,,,,,,,,10000,2014.3.28: SHIPP TO USA 4189-2,,,,,,,,,,,,,,,,,,
2014.3.13,William,11130,Label: DW US Fusion - Hydrogen Peroxide,10000,10000,0,__,"30,Mar","29,Mar",10000,,,,,,,,10000,2014.3.28: SHIPP TO USA 4189-2,,,,,,,,,,,,,,,,,,
2014.3.13,William,11275,"Label 10mL Whitening Gel, EU compliant - silver",40000,40000,0,__,"30,Mar","29,Mar",40000,,,,,,,,40000,2014.3.28: SHIPP TO USA 4189-2,,,,,,,,,,,,,,,,,,
2014.3.13,Luis,21142,Futura 2400 Lamp Manual - Gen,500,500,0,___,"18,Mar",,500,,,,,,,,500,2014.3.9: shipped to JOJO factory,,,,,,,,,,,,,,,,0,1,7
2014.3.18,Luis,1777,Take Home Premium (no liner) bag,103000,103000,0,___,"1,May",,103000,,,,,,,,15120,2014.4.18 ship to USA 4197,2880,2014.5.08: SHIP TO USA 4205,85000,2014.5.12_ ship to USA by container 4207,,,,,,,,,,,56X44X53,0,360,18
2014.3.18,Luis,12570,White Mini LED Light (CE and WEEE mark),85000,85000,0,___,"1,May","20,Jun",85000,,,,,,,,5000,2014.4.18 SHIP TO USA 4198 29pcs in shipping agent's warehouse. actually send 4971pcs,2000,2014.4.23: ship to UK by air 4200,13000,2014.5.08: SHIP TO USA 4205,3000,2014.5.12_ ship to USA by container 4207,62000,2014.7.22: SHIP TO USA by container 4224,,,,,,,58x31x35,0,500,14
2014.3.18,Luis,13010,Thermoforming Tray - sealed in bag,132730,132730,0,__,"1,May",,132730,,,,,,,,7040,2014.4.18 ship to USA 4197,30800,2014.4.23:ship to rotterdam by container 4201,5280,2014.5.08: SHIP TO USA 4205,5280,2014.5.08: ship to UK by air 4206,70400,2014.5.12_ ship to USA by container 4207,13930,2014.7.22: ship to USA by container 4224,,,,,56x47x43,0,880,12
2014.3.18,Luis,17090,"Syringe 10mL, Pad Printed - 36% CP",100000,100000,0,__,"5,Apr","10,Apr",100000,,,,,,,,100000,2014.5.12_ ship to USA by container 4207,,,,,,,,,,,,,,,,0,1600,10
2014.3.18,Luis,16060,"Retainer Case - white, standard ",100000,100000,0,,"29,Apr",,100000,,,,,,,,15000,2014.4.18 ship to USA 4197,2000,2014.4.23: ship to UK by air 4200,53000,2014.5.12_ ship to USA by container 4207,30000,2014.7.22 SHIP TO USA by container 4224 ,,,,,,,,,67x42x32,0,500,12
2014.3.18,Luis,1790,Take Home Kit - generic instructions,60000,60000,0,,,,60000,,,,,,,,60000,2014.5.12_ ship to USA by container 4207,,,,,,,,,,,,,,,,,,
2014.3.19,Jordi,12360,PCB2 - Motherboards - Upper,20,20,0,JOJO,"1,Apr","1,Apr",20,,,,,,,,20,2014.4.1: ship to spain 4190,,,,,,,,,,,,,,,,,,
2014.3.19,Jordi,12350,PCB1 - Motherboards - Lower,20,20,0,JOJO,"1,Apr","1,Apr",20,,,,,,,,20,2014.4.1: ship to spain 4190,,,,,,,,,,,,,,,,,,
2014.3.19,Jordi,12170,Fans,20,20,0,JOJO,"1,Apr","1,Apr",20,,,,,,,,20,2014.4.1: ship to spain 4190,,,,,,,,,,,,,,,,,,
2014.3.19,Jordi,12340,LED panel Futura 2400,20,,0,JOJO,?,,0,,,,,,,,,,,,,,,,,,,,,,,,,,,
2014.3.22,Loli,5040,"5 mL - OLD Activator spray bottle, translucent",50000,50000,0,,"16,Apr","16,Apr",50000,,,,,,,,10000,2014.4.28: SHIP TO USA 4202,40000,2014.5.12_ ship to USA by container 4207,,,,,,,,,,,,,,0,5000,19
2014.3.22,Jordi,12090,White Lamp - Generic,35,35,0,JOJO,"22,Apr",,35,,,,,,,,35,2014.4.23: ship to rotteram by container 4201,,,,,,,,,,,,,,,,0,1,7
2014.3.22,Jordi,12055,RFID White Lamp - Generic,15,15,0,JOJO,"22,Apr",,15,,,,,,,,12,2014.4.23: ship to UK by air 4200,3,2014.4.23: ship to rotterdam by container 4201,,,,,,,,,,,,,,0,1,7
2014.3.22,Jordi,12015,Clamp On Lamp - Generic,60,60,1,JOJO,"22,Apr",,59,,,,,,,,14,2014.4.12: SHIP TO UK 4195,30,2014.5.08: ship to UK by air 4206,3,2014.6.05: ship to USA 4214,12,2014.6.13: SHIIP TO USA 4215-1 BW,,,,,,,,,,0,3,9
2014.3.22,Jordi,18040,Professional Teeth Shade Guide,200,200,0,JOJO,"15,June","13,June",200,,,,,,,,75,2014.4.28: ship to USA by air 4202,50,2014.5.08:ship to UK by air 4206,50,2014.6.18: ship to SPAIN 4217,25,2014.7.08: ship to USA by air 4220,,,,,,,,,,,,
2014.3.22,Jordi,9030,Finger Wipe - Multilingual,50000,50000,0,Wei,"11,Apr","11,Apr",50000,,,,,,,,30000,2014.4.23; ship to rotterdam by container 4201,20000,2014.5.12_ ship to USA by container 4207,,,,,,,,,,,,,,0,10000,14
2014.3.22,Jordi,12570,White Mini LED Light (CE and WEEE mark),20000,20000,0,___,"6,May",,20000,,,,,,,,20000,2014.4.23: ship to rotteram by container 4201,,,,,,,,,,,,,,,,0,500,14
2014.3.22,Jordi,16060,"Retainer Case - white, standard ",30000,30000,0,,"8,May",,30000,,,,,,,,30000,2014.4.23:ship to rotterdam by container 4201,,,,,,,,,,,,,,,,0,500,12
2014.3.22,Jordi,13010,Thermoforming Tray - sealed in bag,30000,30000,0,__,"30,Apr","23,Apr",30000,,,,,,,,30000,2014.4.23:ship to rotterdam by container 4201,,,,,,,,,,,,,,,,,,
2014.3.22,Jordi,1770,Take Home Generic- Premium bag,3500,3500,0,___,,"7,Apr",3500,,,,,,,,3500,2014.4.23: ship to ROTTERDAM by container 4201,,,,,,,,,,,,,,,,,,
2014.3.22,Jordi,7030,Cheek Retractor Large Clear,4000,4000,0,,"20,Apr","20,Apr",4000,,,,,,,,4000,2014.4.23: ship to rotterdam by container 4201,,,,,,,,,,,,,,,,0,800,10
2014.3.22,Jordi,6160,"PVC Bag with Zipper, (Non-standard) - 230x123x30mm",30000,30000,0,,"22,Apr","21,Apr",30000,,,,,,,,30000,2014.4.23: ship to rotterdam by container 4201,,,,,,,,,,,,,,,,,,
2014.3.22,Luis,8006,Collagen Crystal Mask - Face,100,100,0,___,"24,Mar","25,Mar",100,,,,,,,,15,"carried by alain to Italy for show 1,Apr",85,2014.4.08 SHIP TO USA 4193,,,,,,,,,,,,,,,,
,,8007,Collagen Crystal Mask- Neck,,,0,,,,0,,,,,,,,,,,,,,,,,,,,,,,,,,,
,,8008,Collagen Crystal Mask - eye,,,0,,,,0,,,,,,,,,,,,,,,,,,,,,,,,,,,
,,8009,Collagen Crystal Mask - Breast,,,0,,,,0,,,,,,,,,,,,,,,,,,,,,,,,,,,
2014.3.26,Luis,8010,Collagen Crystal mask - Hand,40,40,0,ZUO FEN,"25,Mar","26,Mar",40,,,,,,,,13,"carried by Alain to Italy show 1,Apr",27,2014.4.08 SHIP TO USA 4193,,,,,,,,,,,,,,,,
,,8011,Collagen Crystal mask - Lips,,,0,,,,0,,,,,,,,,,,,,,,,,,,,,,,,,,,
2014.4.10,LOLI,12015,Clamp On Lamp - Generic,51,51,6,JOJO,"30,Apr",,45,,,,,,,,21,2014.7.29: SHIP to rotterdam by LCL 4226,15,2014.11.29_ ship to USA by AIR 4262,9,2014.11.28 ship to UK by AIR 4261,,,,,,,,,,,,0,3,9
2014.4.12,Luis,12010,Futura 2400 Clamp On - BW,20,20,0,JOJO,"30,Apr",,20,,,,,,,,5,2014.4.12: SHIP TO USA 4196,6,,9,2014.6.05: ship to USA 4214,,,,,,,,,,,,0,3,9
2014.4.17,William,18040,Professional Teeth Shade Guide,250,250,75,JOJO,"15,June","13,June",175,,,,,,,,5,2014.7.08: ship to USA by air 4220,170,2014.7.22: ship to USA by container 4224,,,,,,,,,,,,,,,,
2014.4.17,William,3020,Mesh Recliner Carry Bag,100,100,0,___,"5,May",,100,,,,,,,,20,2014.5.08: SHIP TO USA 4205,80,2014.5.12_ ship to USA by container 4207,,,,,,,,,,,,,,,,
2014.4.17,Luis,3040,Facial Bed White ,50,50,0,Sunny,"21,May","25,May",50,,,,,,,,50,2014.7.22: ship to USA by container 4224,,,,,,,,,,,,,,,,,,
2014.4.17,,3010,Facial Bed Black ,,,0,,,,0,,,,,,,,,,,,,,,,,,,,,,,,,,,
2014.4.17,William,12461,Lamp boxes,50,50,0,JOJO,"8,May",,50,,,,,,,,50,2014.7.22: ship to USA by container 4224,,,,,,,,,,,,,,,,,,
2014.4.17,William,19070,"Syringe caps, Clear",250000,250000,0,,"30,Apr","8,May",250000,,,,,,,,170000,2014.5.08: SHIP TO USA 4205,80000,2014.7.22: ship to USA by container 4224,,,,,,,,,,,,,,,,
2014.4.17,Luis,12140,BW Case,300,300,50,__,"30,May",,250,,,,,,,,30,2014.5.19: SHIP TO USA 4210-1 BW,30,2014.6.05: SHIP 20/BW +10/GENERIC to USA 4214,35,"2014.7.08:ship to USA by AIR 4220 20/BW, 10/GENERIC, 5/BW with lamp",155,"2014.7.22 SHIP TO USA by container 4224  75pcs are empty, 80pcs are with lamp",,,,,,,,,,,,
2014.4.17,,12300,Generic Case,,,0,,,,0,,,,,,,,,,,,,,,,,,,,,,,,,,,
2014.4.17,Loli,12075,Futura 2000 - Generic,5,5,0,Joanna,"22,Apr",,5,,,,,,,,5,2014.4.22: SHIP TO AUSTRALIA 4199,,,,,,,,,,,,,,,,,,
2014.4.18,Luis,8005,Mask,50,33,0,JOJO,,,33,,,,,,,,9,ALAIN TAKE TO SHOW,4,2014.5.19: SHIP TO USA 4210-3,20,2014.6.13: SHIIP TO USA 4215-2,,,,,,,,,,,,,,
2014.4.18,Luis,8004,Evoke Mask - Red,50,50,0,JOJO,,,50,,,,,,,,9,ALAIN TAKE TO SHOW,26,2014.5.19: SHIP TO USA 4210-3,8,2014.6.13: SHIIP TO USA 4215-2,7,2014.11.28: ship to USA by jojo's DHL 4263,,,,,,,,,,,,
2014.4.18,Luis,12560,Vitamin E Swabs ,60000,36000,0,wei,"28,May","5,June",36000,,,,,,,,36000,2014.7.22: ship to USA by container 4224,,,,,,,,,,,,,,,,,,
2014.4.26,Luis,15030,"Pen Clear 2mL, BW blue logo",20000,20000,0,wei,"28,May","5,June",20000,,,,,,,,20000,2014.7.22: ship to USA by container 4224,,,,,,,,,,,,,,,,,,
2014.4.26,Luis,15040,"Pen Clear 2mL, Generic",20000,20000,0,wei,"28,May","5,June",20000,,,,,,,,10000,"2014.6.23 ship to USA 4219: Body 10080pcs,brush: 10050pcs, cap:11700pcs.",10000,2014.7.08: ship to USA by air 4220,,,,,,,,,,,,,,,,
2014.4.26,Luis,15050,"Pen Satin 2mL, Forever White, white logo",15000,15000,0,wei,"28,May","5,June",15000,,,,,,,,5000,2014.7.08 ship  to USA by air 4220,10000,2014.7.22: ship to USA by container 4224,,,,,,,,,,,,,,,,
2014.4.26,Luis,15060,"Pen Shiny Metallic 2mL, Generic",20000,20000,0,wei,"28,May","5,June",20000,,,,,,,,20000,2014.7.22: ship to USA by container 4224,,,,,,,,,,,,,,,,,,
2014.4.26,Luis,15080,"Pen Satin 2mL, GlamWhite, purple logo",5000,5000,0,wei,"28,May","5,June",5000,,,,,,,,5000,2014.7.22: ship to USA by container 4224,,,,,,,,,,,,,,,,,,
2014.4.21,Luis,12085,Futura Face,120,10,0,JOJO,,,10,,,,,,,,10,2014.5.23: ship 6pcsto Orland 4211 ship 4pcs to Orland 4212 by JOJO's DHL account,,,,,,,,,,,,,,,,,,
2014.4.23,Jordi,12350,PCB1 - Motherboards - Lower,20,20,0,JOJO,"10,May",,20,,,,,,,,20,2014.5.08: SHIP TO UK BY AIR 4206,,,,,,,,,,,,,,,,,,
2014.4.23,Jordi,12350,PCB1 - Motherboards - Lower,20,20,0,JOJO,"10,May",,20,,,,,,,,20,2014.5.08: SHIP TO UK BY AIR 4206,,,,,,,,,,,,,,,,,,
2014.4.23,Jordi,12170,Fans,20,20,0,JOJO,"10,May",,20,,,,,,,,20,2014.5.08: SHIP TO UK BY AIR 4206,,,,,,,,,,,,,,,,,,
2014.4.23,Jordi,12165,Clamp on lamp clamps,10,,0,JOJO,,,0,,,,,,,,,,,,,,,,,,,,,,,,,,,
2014.4.26,Loli,1925,EU Compliant kit box- Percarbonate,10000,10000,0,___,"9,May","15,May",10000,,,,,,,,3000,2014.5.15: ship to spain 4209,1800,2014.7.22: Ship to spain by DHL 4222,1800,2014.7.22: ship to USA by container 4224,3400,2014.7.29: SHIP TO rotterdam by LCL 4226,,,,,,,,,,,,
2014.4.29,William,1760,Take Home BW - bag,2000,2000,0,___,"15,May",,2000,,,,,,,,1120,2014.6.23 ship to USA 4219,880,2014.7.22: ship to USA by container 4224,,,,,,,,,,,,,,0,280,18
2014.4.30,William,1775,Take Home Professional bag,2000,2000,0,___,"15,May",,2000,,,,,,,,2000,2014.7.22: ship to USA by container 4224,,,,,,,,,,,,,,,,0,280,18
2014.4.30,William,11286,Label 10mL 22% Carbamide Peroxide - silver,5000,5000,0,__,"10,May","17,May",5000,,,,,,,,5000,2014.5.19: SHIP TO USA 4202-2,,,,,,,,,,,,,,,,,,
2014.4.30,William,11287,Label 10ml 17% carbamide Peroxide SILVER,5000,5000,0,__,"10,May","17,May",5000,,,,,,,,5000,2014.5.19: SHIP TO USA 4202-2,,,,,,,,,,,,,,,,,,
2014.4.30,William,11288,Label 10ml 16% CarbamidePeroxide Silver,5000,5000,0,__,"10,May","17,May",5000,,,,,,,,5000,2014.5.19: SHIP TO USA 4202-2,,,,,,,,,,,,,,,,,,
2014.4.30,William,11245,Label 1.2mL Remi/Desensitizing - blue,5000,5000,0,__,,"17,May",5000,,,,,,,,5000,2014.5.19: SHIP TO USA 4202-2,,,,,,,,,,,,,,,,,,
2014.4.30,William,11135,Label 1.2mL Gingival - silver,5000,5000,0,__,,"17,May",5000,,,,,,,,5000,2014.5.19: SHIP TO USA 4202-2,,,,,,,,,,,,,,,,,,
2014.4.30,William,11275,"Label 10mL Whitening Gel, EU compliant - silver",37500,37500,0,__,,"17,May",37500,,,,,,,,37500,2014.5.19: SHIP TO USA 4202-2,,,,,,,,,,,,,,,,,,
2014.4.30,William,11300,Label: CW EU Fusion - Percarbonate,50000,50000,0,__,,"17,May",50000,,,,,,,,50000,2014.5.19: SHIP TO USA 4202-2,,,,,,,,,,,,,,,,,,
2014.4.30,William,11313,Label: DW Fusion - Canada Hydrogen Peroxide,2500,2500,0,__,"6,May","6,May",2500,,,,,,,,2480,2014.5.06: carried by Luis to USA.,20,2014.5.15: ship to spain 4209,,,,,,,,,,,,,,,,
2014.4.30,William,7030,Cheek Retractor Large Clear,10000,10000,0,,,"12,May",10000,,,,,,,,5100,2014.5.12_ ship to USA by container 4207,4900,2014.7.22: ship to USA by container 4224,,,,,,,,,,,,,,0,800,10
2014.4.30,William,6165,PVC Ziplock Pouch (Standard)- 220 x 113 x 30mm,20000,20000,0,,"26,May","28,Apr",20000,,,,,,,,3000,2014.6.13: SHIIP TO USA 4215-1,5000,2014.7.08: ship to USA by air 4220,12000,2014.7.22: ship to USA by container 4224,,,,,,,,,,,,0,1000,14
2014.4.30,William,12510,Blue Sponge - Blue oral swab,30000,30000,0,__,"26,May","7,Jun",30000,,,,,,,,1000,2014.6.05: ship to USA 4214,29000,2014.7.22: ship to USA by container 4224,,,,,,,,,,,,,,0,3000,8
2014.5.04,Loli,15261,Box: White Active 3 (percarbonate),2000,2000,0,___,,"15,May",2000,,,,,,,,2000,2014.5.15: ship to spain 4209,,,,,,,,,,,,,,,,,,
2014.5.04,Loli,11289,Label: White Active 3 (percarbonate),2000,2000,0,__,,"15,May",2000,,,,,,,,2000,2014.5.15: ship to spain 4209,,,,,,,,,,,,,,,,,,
2014.5.06,William,12080,"Futura 2400 - BW, White",100,100,0,JOJO,,,100,,,,,,,,40,2014.7.08 ship to USA by air 4220  5pcs of them are packed by aluminum case.,60,2014.7.22: ship to USA by container 4224,,,,,,,,,,,,,,,,
2014.5.06,William,12090,White Lamp - Generic,30,30,0,JOJO,,,30,,,,,,,,30,2014.7.22: ship to USA by container 4224,,,,,,,,,,,,,,,,,,
2014.5.08,Luis,835,Foam Flooring - Tradeshow (EVA floor Foam 60x60x1cm),25,25,0,__,"11,May","11,May",25,,,,,,,,25,2014.7.22: ship to USA by container 4224,,,,,,,,,,,,,,,,,,
2014.5.08,william,12580,Safety seals,100000,100000,0,__,"16,May","17,May",100000,,,,,,,,100000,2014.5.19: SHIP TO USA 4202-2,,,,,,,,,,,,,,,,,,
2014.5.15,William,2010,Banner BW English,25,25,0,COCO,,"14,June",25,,,,,,,,5,2014.7.08 ship  to USA by air 4220,20,2014.7.22: ship to USA by container 4224,,,,,,,,,,,,,,,,
2014.5.15,William,2020,Banner Generic English,15,15,0,COCO,,"14,June",15,,,,,,,,15,2014.7.22: ship to USA by container 4224,,,,,,,,,,,,,,,,,,
2014.5.16,Loli,21002,Topaz 3000 Manual,300,300,0,,,"21,May",300,,,,,,,,50,2014.7.08:ship to USA by air 4220,250,2014.7.22: ship to USA by container 4224,,,,,,,,,,,,,,,,
2014.5.29,Luis,12190,Serial Numbers - Futura 2400 head,1000,1000,200,__,,"7,Jun",800,,,,,,,,800,2014.7.08 ship to USA by air 4220,,,,,,,,,,,,,,,,,,
2014.6.03,Loli,12430,RFID Card Smile'up (Purple),2000,2000,0,JACK,,"17,June",2000,,,,,,,,600,2014.6.18: ship to SPAIN 4217,1400,2014.7.29: ship to rotterdam by LCL 4226,,,,,,,,,,,,,,,,
2014.6.06,William,815,Stamping block for labeling machine - Brass,5,5,0,__,,"10,June",5,,,,,,,,5,2014.6.13: ship to USA 4215-2,,,,,,,,,,,,,,,,,,
2014.6.06,William,820,Numbers for Stamping block ( 0-9) ,70,70,0,__,,"10,June",70,,,,,,,,70,2014.6.13: ship to USA 4215-2,,,,,,,,,,,,,,,,,,
2014.6.06,William,825,Stamping block numbers Blank Rectangle ,30,30,0,__,,"10,June",30,,,,,,,,30,2014.6.13: ship to USA 4215-2,,,,,,,,,,,,,,,,,,
2014.6.10,William,830,Rings for Labeling maching,32,32,0,__,,"16,June",32,,,,,,,,32,2014.7.08 ship to USA by air 4220,,,,,,,,,,,,,,,,,,
2014.6.12,Luis,12080,"Futura 2400 - BW, White",100,100,15,JOJO,,,85,,,,,,,,35,2014.7.26: ship to USA by AIR 4225,50,2014.11.29_ ship to USA by AIR 4262,,,,,,,,,,,,,,,,
2014.6.12,Luis,12091,White Lamp - Blank,30,30,20,JOJO,,,10,,,,,,,,10,2014.7.26: ship to USA by AIR 4225,,,,,,,,,,,,,,,,,,
2014.6.25,Tom,19020,Syringe Tip Blue Curved,10000,10000,0,,"2,July",,10000,,,,,,,,10000,2014.7.08 ship to USA by air 4220,,,,,,,,,,,,,,,,,,
2014.7.01,Loli,7130,Micro needling (9 points),100,100,0,Mei Ci,"15,July","11,July",100,,,,,,,,100,2014.7.29: ship to rotterdam by LCL 4226,,,,,,,,,,,,,,,,,,
2014.7.01,Luis,7125,Battery-in Microneedling Machine,100,,0,Mr Zale,,,0,,,,,,,,,,,,,,,,,,,,,,,,,,,
2014.7.01,Luis,7135,12P tips for Microneedling Machine,1000,,0,Mr Zale,,,0,,,,,,,,,,,,,,,,,,,,,,,,,,,
2014.7.05,Luis,18040,Professional Teeth Shade Guide,200,200,0,JOJO,"29,July",,200,,,,,,,,200,2014.7.29:ship to rotterdam by LCL 4226,,,,,,,,,,,,,,,,,,
2014.7.09,Tom,11130,Label: DW US Fusion - Hydrogen Peroxide,20000,20000,0,__,"19,July","29,July",20000,,,,,,,,20000,2014.8.09: ship to USA by AIR 4227,,,,,,,,,,,,,,,,,,
2014.7.08,Loli,1940,Bianco Pro Lumiere 25% HP Box,1000,1000,0,___,"17,July","18,July",1000,,,,,,,,120,2014.7.19:ship to USA by DHL 4223,880,2014.8.09: ship to USA by AIR 4227,,,,,,,,,,,,,,,,
2014.7.08,Loli,1950,Bianco Pro Rapide 38% HP Box,1000,1000,0,___,"17,July","18,July",1000,,,,,,,,120,2014.7.19:ship to USA by DHL 4223,880,2014.8.09: ship to USA by AIR 4227,,,,,,,,,,,,,,,,
2014.7.10,Luis,1560,Pro Kit Box - BW,5000,5000,0,___,"24,July","29,July",5000,,,,,,,,5000,2014.8.09: ship to USA by AIR 4227,,,,,,,,,,,,,,,,,,
2014.7.10,Luis,1670,Sapient White-FX 38% Pro Kit - box,5000,5000,0,___,"25,July","31,July",5000,,,,,,,,5000,2014.8.09: ship to USA by AIR 4227,,,,,,,,,,,,,,,,,,
2014.7.10,Luis,6060,Box: DW US Fusion - Hydrogen Peroxide,30000,30000,0,___,"26,July","31,July",30000,,,,,,,,30000,2014.8.09: ship to USA by AIR 4227,,,,,,,,,,,,,,,,,,
2014.7.11,Tom,11285,Label 2mL 25% Hydrogen Peroxide - blue,2500,2500,0,__,,"29,July",2500,,,,,,,,2500,2014.8.09: ship to USA by AIR 4227,,,,,,,,,,,,,,,,,,
2014.7.11,Tom,12330,Protective Glasses Red ,100,100,0,JOJO,"8,Aug",,100,,,,,,,,100,2014.8.09: ship to USA by AIR 4227,,,,,,,,,,,,,,,,,,
2014.7.11,Tom,12255,Wheels,30,30,0,JOJO,"8,Aug",,30,,,,,,,,30,2014.8.09: ship to USA by AIR 4227,,,,,,,,,,,,,,,,,,
2014.7.11,Tom,12280,Clear LED lens cover,60,60,0,JOJO,"8,Aug",,60,,,,,,,,60,2014.8.09: ship to USA by AIR 4227,,,,,,,,,,,,,,,,,,
2014.7.11,Tom,12406,Power Adapter,30,30,0,JOJO,"8,Aug",,30,,,,,,,,30,2014.8.09: ship to USA by AIR 4227,,,,,,,,,,,,,,,,,,
2014.7.11,Tom,12250,Adjustable Knobs,30,30,0,JOJO,"8,Aug",,30,,,,,,,,30,2014.8.09: ship to USA by AIR 4227,,,,,,,,,,,,,,,,,,
2014.7.11,Tom,12345,White LED housing,10,10,0,JOJO,"8,Aug",,10,,,,,,,,10,2014.8.09: ship to USA by AIR 4227,,,,,,,,,,,,,,,,,,
2014.7.16,Tom,11220,Label 3mL Remi & Desensitizing - silver,15000,15000,0,__,"26,July","29,july",15000,,,,,,,,15000,2014.8.09: ship to USA by AIR 4227,,,,,,,,,,,,,,,,,,
2014.7.16,Tom,11275,"Label 10mL Whitening Gel, EU compliant - silver",20000,20000,0,__,"26,July","29,July",20000,,,,,,,,20000,2014.8.09: ship to USA by AIR 4227,,,,,,,,,,,,,,,,,,
2014.7.16,Tom,11240,Label 1.2mL Hydrogen Peroxide - blue,2500,2000,0,__,,"8,Aug",2000,,,,,,,,2000,2014.8.09: ship to USA by AIR 4227,,,,,,,,,,,,,,,,,,
2014.7.16,Tom,11210,Label 1.2mL Activator label- blue,2500,2000,0,__,,"8,Aug",2000,,,,,,,,2000,2014.8.09: ship to USA by AIR 4227,,,,,,,,,,,,,,,,,,
2014.7.18,Tom,21100,"Promotional Flyer, BW",50000,50000,0,___,"29,July",,50000,,,,,,,,50000,2014.8.09: ship to USA by AIR 4227,,,,,,,,,,,,,,,,,,
2014.7.30,Tom,11135,Label 1.2mL Gingival - silver,2500,,0,__,,,0,,,,,,,,,,,,,,,,,,,,,,,,,,,
2014.8.01,Tom,13040,PerfecTray (former Platform tray) - in bag,33862,31624,3260,__,,,28364,,,,,,,,4200,2014.8.28: SHIP TO UK 4235,19964,2014.9.11: SHIP TO USA BY AIR 4240,4200,2014.10.25: SHIP TO UK 4252,,,,,,,,,,,,,,
2014.8.07,Tom,7030,Cheek Retractor Large Clear,20000,20000,0,,"23,Aug",,20000,,,,,,,,6400,2014.10.08:SHIP TO USA by AIR 4245,13600,2014.11.19: ship to USA by AIR 4259,,,,,,,,,,,,,,,,
2014.8.07,Jordi,1925,EU Compliant kit box- Percarbonate,10000,10000,5000,___,,"26,Aug",5000,,,,,,,,1000,2014.8.26:SHIP TO SPAIN 4234,3000,2014.9.11: SHIP TO USA BY AIR 4240,1000,2014.11.28 ship to UK by AIR 4261,,,,,,,,,,,,,,
2014.8.08,Tom,18040,Professional Teeth Shade Guide,200,200,200,JOJO,,,0,,,,,,,,,,,,,,,,,,,,,,,,,,,
2014.8.14,Tom,11190,Label 1.2mL Carbamide Peroxide - purple,15000,15000,0,__,"24,Aug","25,Aug",15000,,,,,,,,15000,2014.9.11: SHIP TO USA BY AIR 4240,,,,,,,,,,,,,,,,,,1.2ml Carbamide Peroxide- Purple(Label)
2014.8.14,Tom,10025,Gingival Barrier 1.2mL Syringe (Empty),15000,15000,15000,,"20,Sep","15,Oct",0,,,,,,,,,,,,,,,,,,,,,,,,,,,1.2ml Black Gingival Barrier( Empty Syringes)
2014.8.14,Tom,17010,"Syringe 1.2mL, Blank (purple)",30000,30000,20000,,"20,Sep","15,Oct",10000,,,,,,,,10000,2014.11.10 SHIP TO USA BY DHL 4256,,,,,,,,,,,,,,,,,,"Syringes 1.2ml, Blank(purple)"
2014.8.28,Loli,1455,Love My Smile Kit box - 6% ,2500,2500,0,___,"7,Sep","9,Sep",2500,,,,,,,,1000,2014.9.09: SHIP TO USA 4239,1500,2014.9.11: SHIP TO USA BY AIR 4240,,,,,,,,,,,,,,,,Box-Advanced kit box(Love My Smile)
2014.9.10,Tom,12460,Detachable Lamp Tray - white,300,300,220,JOJO,,,80,,,,,,,,50,2014.10.13: SHIP TO USA BY DHL 4247,30,2014.11.29_ ship to USA by AIR 4262,,,,,,,,,,,,,,,,Detachable Lamp Tray - white (these are for the lamps) with mounting brackets
2014.9.10,Tom,12080,"Futura 2400 - BW, White",200,200,200,JOJO,,,0,,,,,,,,,,,,,,,,,,,,,,,,,,,"Futura 2400 - BW, White Lamp"
2014.9.10,Tom,12090,White Lamp - Generic,75,75,65,JOJO,,,10,,,,,,,,10,2014.11.28 SHIP TO UK by AIR 4261,,,,,,,,,,,,,,,,,,White Lamp- Generic
2014.9.11,Loli,12400,Power Cables - AUS,6,6,0,Joanna,"13,Sep","13,Sep",6,,,,,,,,6,2014.9.14: shipped to Australia 4241,,,,,,,,,,,,,,,,,,Futura 2000 Lamp- Magenta Generic(Australia power supply)
2014.9.22,Loli,11275,"Label 10mL Whitening Gel, EU compliant - silver",35000,35000,0,__,,"11,Oct",35000,,,,,,,,2500,2014.10.13: SHIP TO SPAIN BY DHL 4246,12500,2014.10.13: SHIP TO USA BY DHL 4247,5000,2014.10.24: ship to USA 4251,7500,2014.11.26: ship to USA by DHL 4260,7500,2014.11.29: SHIP TO USA by AIR 4262,,,,,,,,,,Label 10ml Whitening Gel -Silver
2014.9.22,Loli,11276,Label 10 mL Whitening Gel with Whtening World - silver,65000,65000,32500,__,,"11,Oct",32500,,,,,,,,5000,2014.10.13: SHIP TO SPAIN BY DHL 4246,12500,2014.10.13: SHIP TO USA BY DHL 4247,12500,2014.10.24: ship to USA 4251,2500,2014.11.29: ship to USA by AIR 4262,,,,,,,,,,,,Label 10ml Whitening Gel with Whitening World- Silver
2014.9.22,Loli,11070,Label 5mL Bianco 18% mint,2500,2500,2500,__,,"11,Oct",0,,,,,,,,,,,,,,,,,,,,,,,,,,,Label 5ml Bianco 18% cp Mint-Silver
2014.9.22,Loli,11040,Label 5mL Bianco 10% mint,2500,2500,2500,__,,"11,Oct",0,,,,,,,,,,,,,,,,,,,,,,,,,,,
2014.9.17,Tom,12580,Safety seals,100000,100000,100000,__,,"16,Oct",0,,,,,,,,,,,,,,,,,,,,,,,,,,,
2014.9.23,Luis,4040,Pro Kit Blister Tray,10000,,0,__,,,0,,,,,,,,,,,,,,,,,,,,,,,,,,,
2014.9.27,Luis,15030,"Pen Clear 2mL, BW blue logo",10000,10000,10000,Wei,,"29,Oct",0,,,,,,,,,,,,,,,,,,,,,,,,,,,
2014.9.27,Luis,15040,"Pen Clear 2mL, Generic",10000,10000,10000,Wei,,"29,Oct",0,,,,,,,,,,,,,,,,,,,,,,,,,,,
2014.9.27,Luis,15250,"Pen Metallic 2mL, Sinsational Smile EU PEN (16% Carbamide peroxide and pad printed)",20000,20000,13760,Wei,,"29,Oct",6240,,,,,,,,6240,"2014.11.29: ship to USA by AIR 4262  Shipped 3900x2=7800caps,10,000pcs brush, 1560x4=6240body",,,,,,,,,,,,,,,,,,
2014.10.06,Tom,15260,Sinsational Smile EU 2ml Metallic Pen Label (Ingredient sticker that goes with 15250),5000,5000,2500,__,,"16,Oct",2500,,,,,,,,2500,2014.10.24: ship to USA 4251,,,,,,,,,,,,,,,,,,
2014.10.10,Sally,1930,Non-Peroxide kit box - Sodium Bicarbonate (natural),2000,2000,1750,___,"25,Oct","25,Oct",250,,,,,,,,200,2014.10.27: SHIP TO UK 4252 BY AIR,50,2014.11.29_ ship to USA by AIR 4262,,,,,,,,,,,,,,,,
2014.10.10,Sally,1925,EU Compliant kit box- Percarbonate,10000,10000,8850,___,"25,Oct","25,Oct",1150,,,,,,,,1150,2014.10.27: SHIP TO UK 4252 BY AIR,,,,,,,,,,,,,,,,,,
2014.10.10,Sally,1785,Take Home Kit - WSC instructions,30000,30000,30000,___,,"16,Oct",0,,,,,,,,,,,,,,,,,,,,,,,,,,,
2014.10.10,Sally,6030,Box: CW EU Fusion - Percarbonate,10000,10000,6600,___,"25,Oct","24,Oct",3400,,,,,,,,2400,2014.10.27: SHIP TO UK 4252 BY AIR,1000,2014.11.29_ ship to USA by AIR 4262,,,,,,,,,,,,,,,,
2014.10.10,Sally,6070,Box: DW EU Fusion - Percarbonate,1500,1500,1300,___,"25,Oct","24,Oct",200,,,,,,,,200,2014.10.27: SHIP TO UK 4252 BY AIR,,,,,,,,,,,,,,,,,,
2014.10.10,Sally,13082,Sinsational Smile EU Mouth Tray-Box,2000,2000,800,___,"25,Oct","24,Oct",1200,,,,,,,,1200,2014.10.24_ ship to USA 4251,,,,,,,,,,,,,,,,,,
2014.10.08,Sally,11300,Label: CW EU Fusion - Percarbonate,10000,10000,0,__,,"16,Oct",10000,,,,,,,,7500,2014.10.24: ship to USA 4251,2500,2014.10.27: SHIP TO UK 4252 BY AIR,,,,,,,,,,,,,,,,
2014.10.08,Sally,11310,Label: DW EU Fusion - Percarbonate,2500,2500,0,__,,"16,Oct",2500,,,,,,,,2500,2014.11.28 SHIP TO UK by AIR 4261,,,,,,,,,,,,,,,,,,
2014.10.09,Sally,13090,Sinsational Smiles Pouch Sticker,5000,5000,3900,__,,"16,Oct",1100,,,,,,,,1100,2014.10.24: ship to USA 4251,,,,,,,,,,,,,,,,,,
2014.10.09,Sally,13083,Sinsational Smile Mouth Tray Pouch,40000,40000,38900,,"20,Oct","24,Oct",1100,,,,,,,,1100,2014.10.24: ship to USA 4251,,,,,,,,,,,,,,,,,,
2014.10.09,Sally,1540,Pre-Loaded tray pouch / foil pouch (blue - new),10000,10000,10000,,"20,Oct","24,Oct",0,,,,,,,,,,,,,,,,,,,,,,,,,,,
2014.10.09,Tom,19020,Syringe Tip Blue Curved,30000,30000,25000,,"1,Nov",,5000,,,,,,,,5000,2014.11.29: ship to USA by AIR 4262,,,,,,,,,,,,,,,,,,
2014.10.24,Tom,2010,Banner BW English,40,40,40,__,,,0,,,,,,,,,,,,,,,,,,,,,,,,,,,
2014.10.11,Loli,11265,Label 10mL Smile'up,2000,2000,0,__,,"16,Oct",2000,,,,,,,,2000,2014.11.04 SHIP TO SPAIN 4253,,,,,,,,,,,,,,,,,,
2014.10.23,Luis,5083,Label - Longevi - Network Antioxidants (60 caps),7000,7000,7000,__,,,0,,,,,,,,,,,,,,,,,,,,,,,,,,,
2014.10.23,Luis,5084,Label - Elixirbotanica - Network Antioxidants (60 caps),3000,3000,1500,__,,,1500,,,,,,,,1500,2014.11.10 SHIP TO USA BY DHL 4256,,,,,,,,,,,,,,,,,,
2014.10.29,Tom,10020,Gingival Barrier 1.2mL Syringe (Filled/unlabled),5000,5000,0,___,,,5000,,,,,,,,5000,"2014.11.11 SHIP TO USA BY EMS 4257-1 ,4257-2",,,,,,,,,,,,,,,,,,
2014.10.30,Tom,5041,"5 mL - NEW Activator spray bottle, translucent",40000,40000,25000,L,,,15000,,,,,,,,10000,2014.11.19: SHIP TO USA BY AIR 4259,5000,2014.11.29_ ship to USA by AIR 4262,,,,,,,,,,,,,,,,
2014.10.30,Tom,5046,5 mL - NEW Activator spray bottle CAPS translucent,41200,41200,25750,L,,,15450,,,,,,,,10300,2014.11.19: SHIP TO USA BY AIR 4259,5150,2014.11.29_ ship to USA by AIR 4262,,,,,,,,,,,,,,,,
2014.10.30,Tom,5045,"5 mL - OLD Activator spray bottle, CAPS translucent",2000,,0,L,,,0,,,,,,,,,,,,,,,,,,,,,,,,,,,
2014.10.30,Tom,1760,Take Home BW - bag,6000,6000,6000,___,,,0,,,,,,,,,,,,,,,,,,,,,,,,,,,
2014.10.30,Jordi,1760,Take Home BW - bag,2000,2000,1440,___,,,560,,,,,,,,560,2014.11.28 SHIP TO UK by AIR 4261,,,,,,,,,,,,,,,,,,
2014.10.30,Tom,17040,"Syringe 3mL, Lined",100000,100000,90000,L,"30,Nov","28,Nov",10000,,,,,,,,10000,2014.11.29: ship to USA by AIR 4262,,,,,,,,,,,,,,,,,,
2014.10.30,Tom,17070,"Syringe 10mL, Lined",100000,,0,___,"10,Nov",,0,,,,,,,,,,,,,,,,,,,,,,,,,,,
2014.10.30,Tom,17080,"Syringe 10mL, not lined",100000,100000,85600,___,"10,Nov",,14400,,,,,,,,14400,2014.11.29: ship to USA by AIR 4262,,,,,,,,,,,,,,,,,,
2014.10.30,Tom,19070,"Syringe caps, Clear",100000,100000,100000,L,"10,Nov",,0,,,,,,,,,,,,,,,,,,,,,,,,,,,
2014.10.30,Tom,11240,Label 1.2mL Hydrogen Peroxide - blue,7500,7500,7500,__,,,0,,,,,,,,,,,,,,,,,,,,,,,,,,,
2014.10.30,Tom,11210,Label 1.2mL Activator label- blue,7500,7500,7500,__,,,0,,,,,,,,,,,,,,,,,,,,,,,,,,,
2014.10.30,Tom,11135,Label 1.2mL Gingival - silver,10000,10000,5000,__,,,5000,,,,,,,,5000,2014.11.10 SHIP TO USA BY DHL 4256,,,,,,,,,,,,,,,,,,
2014.10.30,Tom,11245,Label 1.2mL Remi/Desensitizing - blue,10000,10000,10000,__,,,0,,,,,,,,,,,,,,,,,,,,,,,,,,,
2014.11.06,Luis,7010,Cheek Retractor Blue,5000,5000,5000,Elaine,,,0,,,,,,,,,,,,,,,,,,,,,,,,,,,
2014.11.06,Loli,1060,EU Advanced 6% Kit Box ,4000,4000,3000,___,,"22,Nov",1000,,,,,,,,950,2014.11.29: ship to USA by AIR 4262,50,2014.11.28 SHIIP TO UK by AIR 4261,,,,,,,,,,,,,,,,
2014.11.06,Loli,6190,Pen Box - SPANISH,8000,8000,7550,___,,"22,Nov",450,,,,,,,,250,2014.11.29: ship to USA by AIR 4262,200,2014.11.28 SHIIP TO UK by AIR 4261,,,,,,,,,,,,,,,,
2014.11.06,Loli,6090,Forever White XL - EU,2000,2000,1500,___,,"27,Nov",500,,,,,,,,500,2014.11.28 SHIP TO UK by AIR 4261,,,,,,,,,,,,,,,,,,
2014.11.06,Loli,8015,Box Minerals Pen Box EU,1000,1000,950,___,,"27,Nov",50,,,,,,,,50,2014.11.28 SHIP TO UK by AIR 4261,,,,,,,,,,,,,,,,,,
2014.11.06,Tom,1066,"EU Compliant, Pure Smile - box",2000,2000,1350,___,,"22,Nov",650,,,,,,,,650,2014.11.29: ship to USA by AIR 4262,,,,,,,,,,,,,,,,,,
2014.11.06,Loli,1781,"Plastic Box - for Premium Kit, Sodium percarbonate",2000,2000,1900,__,,"22,Nov",100,,,,,,,,100,2014.11.28 SHIP TO UK by AIR 4261,,,,,,,,,,,,,,,,,,
2014.11.10,Erika,1720,Sapient EVA sheet-blister trays,2000,2000,1870,__,,"22,Nov",130,,,,,,,,130,2014.11.29: ship to USA by AIR 4262,,,,,,,,,,,,,,,,,,
2014.11.10,Erika,1715,Sapient 4 pack for 1.2ml syringes - blister trays,5000,5000,4800,__,,"22,Nov",200,,,,,,,,200,2014.11.29: ship to USA by AIR 4262,,,,,,,,,,,,,,,,,,
2014.11.19,Tom,5041,"5 mL - NEW Activator spray bottle, translucent",40000,,0,L,,,0,,,,,,,,,,,,,,,,,,,,,,,,,,,
2014.11.19,Tom,5046,5 mL - NEW Activator spray bottle CAPS translucent,40000,,0,L,,,0,,,,,,,,,,,,,,,,,,,,,,,,,,,
2014.11.21,Tom,12570,White Mini LED Light (CE and WEEE mark),109000,9000,4000,___,,,5000,,,,,,,,5000,2014.11.29: ship to USA by AIR 4262,,,,,,,,,,,,,,,,,,
2014.11.21,Loli,9030,Finger Wipe - Multilingual,100000,,0,Wei,,,0,,,,,,,,,,,,,,,,,,,,,,,,,,,
2014.11.21,Tom,13010,Thermoforming Tray - sealed in bag,104000,,0,__,,,0,,,,,,,,,,,,,,,,,,,,,,,,,,,
2014.11.21,Tom,13045,Mini Mouth Tray,100000,,0,__,,,0,,,,,,,,,,,,,,,,,,,,,,,,,,,
2014.11.21,Tom,7030,Cheek Retractor Large Clear,52500,,0,,,,0,,,,,,,,,,,,,,,,,,,,,,,,,,,
2014.11.21,Tom,12560,Vitamin E Swabs ,72000,,0,Wei,,,0,,,,,,,,,,,,,,,,,,,,,,,,,,,
2014.11.21,Tom,15130,Pen Satin 4ml - Forever White(logo),5000,,0,Wei,,,0,,,,,,,,,,,,,,,,,,,,,,,,,,,
2014.11.21,Tom,12470,Bib - Blue,?,,0,Aileen,,,0,,,,,,,,,,,,,,,,,,,,,,,,,,,
2014.11.21,Tom,13042,PerfecTray (New Mold 10/14) - no bag,30000,,0,__,,,0,,,,,,,,,,,,,,,,,,,,,,,,,,,
2014.11.22,Tom,13043,PerfecTray (New Mold 10/14) - bag,73540,,,,,,,,,,,,,,,,,,,,,,,,,,,,,,,,,
2014.11.21,Tom,12050,RFID White Lamp - BW,5,,0,JOJO,,,0,,,,,,,,,,,,,,,,,,,,,,,,,,,
2014.11.21,Tom,1777,Take Home Premium (no liner) bag,50000,,0,___,,,0,,,,,,,,,,,,,,,,,,,,,,,,,,,
2014.11.22,Luis,,Sealing Machine(for Mini Mouth Tray),1,,0,___,,,0,,,,,,,,,,,,,,,,,,,,,,,,,,,
2014.11.24,Jordi,12190,Serial Numbers - Futura 2400 head,250,,0,__,"28,Nov",,0,,,,,,,,,,,,,,,,,,,,,,,,,,,
2014.11.24,Jordi,12191,Serial Numbers - Futura 2400 main panel,250,,0,__,"28,Nov",,0,,,,,,,,,,,,,,,,,,,,,,,,,,,
2014.11.24,Jordi,,Label- Serial Numbers - Futura 2400 carton,250,,0,__,"28,Nov",,0,,,,,,,,,,,,,,,,,,,,,,,,,,,
,,,,,,0,,,,0,,,,,,,,,,,,,,,,,,,,,,,,,,,
,,,,,,0,,,,0,,,,,,,,,,,,,,,,,,,,,,,,,,,
,,,,,,0,,,,0,,,,,,,,,,,,,,,,,,,,,,,,,,,
,,,,,,0,,,,0,,,,,,,,,,,,,,,,,,,,,,,,,,,
,,,,,,0,,,,0,,,,,,,,,,,,,,,,,,,,,,,,,,,
,,,,,,0,,,,0,,,,,,,,,,,,,,,,,,,,,,,,,,,
,,,,,,0,,,,0,,,,,,,,,,,,,,,,,,,,,,,,,,,
,,,,,,0,,,,0,,,,,,,,,,,,,,,,,,,,,,,,,,,
,,,,,,0,,,,0,,,,,,,,,,,,,,,,,,,,,,,,,,,
,,,,,,0,,,,0,,,,,,,,,,,,,,,,,,,,,,,,,,,
,,,,,,0,,,,0,,,,,,,,,,,,,,,,,,,,,,,,,,,
,,,,,,0,,,,0,,,,,,,,,,,,,,,,,,,,,,,,,,,
,,,,,,0,,,,0,,,,,,,,,,,,,,,,,,,,,,,,,,,
,,,,,,0,,,,0,,,,,,,,,,,,,,,,,,,,,,,,,,,
,,,,,,0,,,,0,,,,,,,,,,,,,,,,,,,,,,,,,,,
,,,,,,0,,,,0,,,,,,,,,,,,,,,,,,,,,,,,,,,
,,,,,,0,,,,0,,,,,,,,,,,,,,,,,,,,,,,,,,,
,,,,,,0,,,,0,,,,,,,,,,,,,,,,,,,,,,,,,,,
,,,,,,0,,,,0,,,,,,,,,,,,,,,,,,,,,,,,,,,
,,,,,,0,,,,0,,,,,,,,,,,,,,,,,,,,,,,,,,,
,,,,,,0,,,,0,,,,,,,,,,,,,,,,,,,,,,,,,,,
,,,,,,0,,,,0,,,,,,,,,,,,,,,,,,,,,,,,,,,
,,,,,,0,,,,0,,,,,,,,,,,,,,,,,,,,,,,,,,,
,,,,,,0,,,,0,,,,,,,,,,,,,,,,,,,,,,,,,,,
,,,,,,0,,,,0,,,,,,,,,,,,,,,,,,,,,,,,,,,
,,,,,,0,,,,0,,,,,,,,,,,,,,,,,,,,,,,,,,,
,,,,,,0,,,,0,,,,,,,,,,,,,,,,,,,,,,,,,,,
,,,,,,0,,,,0,,,,,,,,,,,,,,,,,,,,,,,,,,,
,,,,,,0,,,,0,,,,,,,,,,,,,,,,,,,,,,,,,,,
,,,,,,0,,,,0,,,,,,,,,,,,,,,,,,,,,,,,,,,
,,,,,,0,,,,0,,,,,,,,,,,,,,,,,,,,,,,,,,,
,,,,,,0,,,,0,,,,,,,,,,,,,,,,,,,,,,,,,,,
,,,,,,0,,,,0,,,,,,,,,,,,,,,,,,,,,,,,,,,
,,,,,,0,,,,0,,,,,,,,,,,,,,,,,,,,,,,,,,,
,,,,,,0,,,,0,,,,,,,,,,,,,,,,,,,,,,,,,,,
,,,,,,0,,,,0,,,,,,,,,,,,,,,,,,,,,,,,,,,
,,,,,,0,,,,0,,,,,,,,,,,,,,,,,,,,,,,,,,,
,,,,,,0,,,,0,,,,,,,,,,,,,,,,,,,,,,,,,,,
,,,,,,0,,,,0,,,,,,,,,,,,,,,,,,,,,,,,,,,
